<?xml version="1.0" encoding="UTF-8"?>
<project-private xmlns="http://www.netbeans.org/ns/project-private/1">
    <editor-bookmarks xmlns="http://www.netbeans.org/ns/editor-bookmarks/2" lastBookmarkId="0"/>
    <open-files xmlns="http://www.netbeans.org/ns/projectui-open-files/2">
        <group name="P2">
            <file>file:/C:/Users/Akshayaa/Desktop/CSC%20218/Exam4_TicTacToe_AkshayaaShrestha/src/MainPackage/UI_Game.java</file>
            <file>file:/C:/Users/Akshayaa/Desktop/CSC%20218/Exam4_TicTacToe_AkshayaaShrestha/src/MainPackage/Grid.java</file>
            <file>file:/C:/Users/Akshayaa/Desktop/CSC%20218/Exam4_TicTacToe_AkshayaaShrestha/src/MainPackage/Player.java</file>
            <file>file:/C:/Users/Akshayaa/Desktop/CSC%20218/Exam4_TicTacToe_AkshayaaShrestha/src/MainPackage/UI_Enter.java</file>
            <file>file:/C:/Users/Akshayaa/Desktop/CSC%20218/Exam4_TicTacToe_AkshayaaShrestha/src/MainPackage/CellIcon.java</file>
            <file>file:/C:/Users/Akshayaa/Desktop/CSC%20218/Exam4_TicTacToe_AkshayaaShrestha/src/MainPackage/Cell.java</file>
            <file>file:/C:/Users/Akshayaa/Desktop/CSC%20218/Exam4_TicTacToe_AkshayaaShrestha/src/MainPackage/Program.java</file>
        </group>
    </open-files>
</project-private>
